candidate,characterId,name,games,wins,draws,losses,winRate,kills,deaths,assists,kda,lives,damageDealt,damageTaken,damageRatio
n-000027,Pko4SCDSlz,"Nadia",90,53,0,37,0.5888888888888889,610,138,181,5.731884057971015,153,71595.2,40993,1.7465225770253456
n-000027,hlnCxD3Epn,"Alchemist",92,51,0,41,0.5543478260869565,478,152,194,4.421052631578948,166,58049.10000000001,27903,2.080389205461779
n-000027,FjUdcgVSGQ,"The Elements",82,45,0,37,0.5487804878048781,397,139,141,3.870503597122302,153,47178.700000000004,23869,1.9765679333026103
n-000027,Z60xDr0g4n,"Commander",90,49,0,41,0.5444444444444444,379,151,146,3.4768211920529803,159,45847.1,24504,1.8710047339209925
n-000027,AuD3DjTn9B,"Berserker",100,58,0,42,0.58,388,160,111,3.11875,173,45832.200000000004,37947.3,1.2077855341486747
n-000027,4d8Ed56NBs,"Hidden Hand",92,51,0,41,0.5543478260869565,261,163,197,2.8098159509202456,172,49323.1,23298,2.117052965919821
n-000027,sGtAaKmGj0,"Echo",90,51,0,39,0.5666666666666667,285,159,156,2.7735849056603774,166,37414.7,21550,1.7361809744779582
n-000027,gRgjiOzm8T,"Shinobi",89,48,0,41,0.5393258426966292,269,151,88,2.3642384105960264,162,33141.90000000001,26878,1.2330493340278297
n-000027,SjFRDVdyhm,"Reaper",90,50,0,40,0.5555555555555556,213,151,125,2.23841059602649,163,29686.8,47325,0.627296354992076
n-000027,r3dZTAf1qa,"Archmage",91,54,0,37,0.5934065934065934,234,174,87,1.8448275862068966,185,30291.5,24909,1.2160865550604198
n-000027,xnUq11HwFg,"Bush Man",89,50,0,39,0.5617977528089888,184,157,95,1.7770700636942676,162,25828.8,24623,1.0489704747593713
n-000027,p2VWFdjcM3,"Corkmaster",94,49,0,45,0.5212765957446809,157,150,92,1.66,160,20437.9,20311,1.0062478459947812
n-000027,TtQ4275KLf,"SubLazer",91,54,0,37,0.5934065934065934,170,153,79,1.6274509803921569,161,21656,49550,0.4370534813319879
n-000027,TRneecJl6K,"Crackshot",91,48,0,43,0.5274725274725275,173,175,103,1.5771428571428572,182,24971.8,22576,1.1061215450035435
n-000027,c44G4MrG1D,"Hunter",95,54,0,41,0.5684210526315789,181,171,78,1.5146198830409356,180,24317.5,22629,1.0746166423615715
n-000027,n0PdBZwzL1,"Propeller",87,49,0,38,0.5632183908045977,104,152,114,1.4342105263157894,159,20015.2,22340,0.8959355416293644
n-000027,mgyCFapknQ,"Pekk",86,42,0,44,0.4883720930232558,90,154,129,1.422077922077922,159,16619.5,18296,0.9083679492785308
n-000027,dT9J5aJjzN,"Minato",91,49,0,42,0.5384615384615384,125,163,98,1.3680981595092025,167,17145.9,20548,0.8344315748491338
n-000027,o6f85pYRKj,"Cannonstriker",92,54,0,38,0.5869565217391305,136,161,80,1.3416149068322982,169,17509.1,20147,0.8690673549411823
n-000027,1yCQJedPRM,"Tenkai",85,46,0,39,0.5411764705882353,87,153,108,1.2745098039215685,157,16872.7,22563,0.747803926782786
n-000027,DEaAUaeOVZ,"Razor's Edge",93,45,0,48,0.4838709677419355,120,159,77,1.2389937106918238,170,16941.1,18312,0.9251365224989078
n-000027,wJjcmVMTJ1,"Plator",94,54,0,40,0.574468085106383,84,158,110,1.2278481012658229,163,16193.4,21885,0.7399314599040439
n-000027,SIIVFpgz7Y,"Reimu & Marisa",92,49,0,43,0.532608695652174,126,175,84,1.2,179,18804.8,22392.5,0.8397811767332812
n-000027,HSOgvo1lY3,"Sukune",87,44,0,43,0.5057471264367817,110,159,72,1.1446540880503144,164,14663.4,18366,0.7983992159425024
n-000027,qS7NVAn6gx,"Gata",97,54,0,43,0.5567010309278351,113,168,77,1.130952380952381,174,17999.1,23990,0.7502751146310962
n-000027,NNGRxjPsrz,"PewPew",91,54,0,37,0.5934065934065934,59,178,128,1.050561797752809,183,13856.800000000001,20296,0.6827355143870714
n-000027,aclAiyngYW,"Shadow Dancer",93,51,0,42,0.5483870967741935,84,175,74,0.9028571428571428,180,14414.599999999999,20440,0.7052152641878668
n-000027,zEbNZDjxB5,"Fool's Gambit",89,47,0,42,0.5280898876404494,47,165,95,0.8606060606060606,174,11130.6,18584,0.5989345673697805
n-000027,oLypCauaxT,"Dual Assassin",91,47,0,44,0.5164835164835165,84,164,57,0.8597560975609756,169,13030.4,19820,0.6574369323915237
n-000027,5MyWF4Q0bV,"Assassin Double",98,53,0,45,0.5408163265306123,71,181,52,0.6795580110497238,185,12608,20712,0.6087292390884511
n-000027,ZNlP9Se52p,"Reeze",83,45,0,38,0.5421686746987951,17,144,80,0.6736111111111112,146,5358,15180,0.35296442687747037
n-000027,xHn8XJz8XB,"Rhythm Assassin",94,54,0,40,0.574468085106383,35,167,65,0.5988023952095808,178,7851.2,17914,0.43827174277101705
n-000027,eb0RxBDTuv,"Toxic Brillance",91,49,0,42,0.5384615384615384,57,190,53,0.5789473684210527,191,8353.099999999999,21276,0.3926066929874036
n-000027,8FyWfzucqo,"Flaulist",95,52,0,43,0.5473684210526316,31,174,68,0.5689655172413793,179,6801.6,19664,0.34589096826688365
n-000027,4rApTSmtsM,"Ming",91,48,0,43,0.5274725274725275,7,169,51,0.3431952662721893,177,3550,14488.799999999997,0.2450168405941141
n-000027,Q2Vd00dRsL,"Orlette",98,52,0,46,0.5306122448979592,12,186,36,0.25806451612903225,196,4463.200000000001,19939,0.2238427202969056
n-000027,h6HHaafNct,"Engineer",95,48,0,47,0.5052631578947369,16,177,26,0.23728813559322035,183,3552.7999999999997,22313,0.15922556357280507
n-000027,JZaENvn4qJ,"Casker",86,48,0,38,0.5581395348837209,1,145,31,0.2206896551724138,149,952,14678,0.06485897261207249
n-000027,VVaQbcmdjj,"Grand Artificer",87,44,0,43,0.5057471264367817,1,166,1,0.012048192771084338,170,78,17082,0.0045662100456621
n-000027,1GujroMg7D,"Overlord",93,55,0,38,0.5913978494623656,0,169,0,0,178,0,19956,0
n-000028,Pko4SCDSlz,"Nadia",95,38,1,56,0.4,565,154,141,4.584415584415584,164,67431.70000000001,41374,1.6298085754338476
n-000028,hlnCxD3Epn,"Alchemist",92,39,2,51,0.42391304347826086,522,167,171,4.149700598802395,177,64481.60000000001,29870,2.158741211918313
n-000028,FjUdcgVSGQ,"The Elements",94,37,1,56,0.39361702127659576,374,155,123,3.206451612903226,170,46078.200000000004,26050,1.768836852207294
n-000028,AuD3DjTn9B,"Berserker",92,37,2,53,0.40217391304347827,441,182,125,3.10989010989011,197,51185.49999999999,44823.00000000001,1.1419472145996472
n-000028,gRgjiOzm8T,"Shinobi",87,36,1,50,0.41379310344827586,318,139,92,2.949640287769784,146,38672,27756,1.3932843349185762
n-000028,4d8Ed56NBs,"Hidden Hand",94,38,2,54,0.40425531914893614,219,154,187,2.6363636363636362,161,43287.5,21575,2.0063731170336037
n-000028,sGtAaKmGj0,"Echo",89,32,2,55,0.3595505617977528,302,164,114,2.5365853658536586,173,36466.4,23212,1.5710149922453904
n-000028,Z60xDr0g4n,"Commander",95,34,1,60,0.35789473684210527,300,174,124,2.4367816091954024,182,39331.9,25175,1.5623396226415094
n-000028,SjFRDVdyhm,"Reaper",90,35,0,55,0.3888888888888889,180,157,123,1.929936305732484,165,25883.9,45404,0.5700797286582681
n-000028,TRneecJl6K,"Crackshot",95,34,2,59,0.35789473684210527,178,165,123,1.8242424242424242,178,25433.399999999998,21572,1.1790005562766548
n-000028,r3dZTAf1qa,"Archmage",92,38,1,53,0.41304347826086957,208,159,80,1.8113207547169812,162,23923.600000000002,22599,1.0586132129740256
n-000028,xnUq11HwFg,"Bush Man",97,37,2,58,0.38144329896907214,197,194,134,1.7061855670103092,201,29305.7,29940,0.978814295257181
n-000028,mgyCFapknQ,"Pekk",91,30,1,60,0.32967032967032966,101,171,183,1.6608187134502923,178,20680.300000000003,20507,1.0084507729068124
n-000028,TtQ4275KLf,"SubLazer",93,37,1,55,0.3978494623655914,169,169,66,1.3905325443786982,177,25069.800000000003,55004,0.45578139771652976
n-000028,p2VWFdjcM3,"Corkmaster",93,35,1,57,0.3763440860215054,148,169,83,1.3668639053254439,179,19041.699999999997,22045,0.8637650260830119
n-000028,n0PdBZwzL1,"Propeller",91,37,2,52,0.4065934065934066,97,156,113,1.3461538461538463,161,18716.800000000003,22596,0.8283235970968315
n-000028,NNGRxjPsrz,"PewPew",97,34,2,61,0.35051546391752575,78,185,170,1.3405405405405406,191,17765.7,21667,0.8199427701112291
n-000028,o6f85pYRKj,"Cannonstriker",93,36,2,55,0.3870967741935484,152,192,92,1.2708333333333333,199,20496.8,23632,0.8673324306025727
n-000028,SIIVFpgz7Y,"Reimu & Marisa",99,36,2,61,0.36363636363636365,139,181,88,1.2541436464088398,191,19731.800000000003,23030,0.8567867998263137
n-000028,HSOgvo1lY3,"Sukune",100,37,2,61,0.37,156,188,79,1.25,198,20622.4,23332,0.8838676495799761
n-000028,c44G4MrG1D,"Hunter",94,39,1,54,0.4148936170212766,113,146,66,1.226027397260274,150,18415.799999999996,18280,1.007428884026258
n-000028,qS7NVAn6gx,"Gata",90,34,1,55,0.37777777777777777,107,167,93,1.1976047904191616,171,16601,21543,0.7705983382073063
n-000028,dT9J5aJjzN,"Minato",90,36,1,53,0.4,108,166,84,1.1566265060240963,172,15698.3,20106,0.78077688252263
n-000028,aclAiyngYW,"Shadow Dancer",84,30,2,52,0.35714285714285715,96,144,54,1.0416666666666667,153,13657.800000000001,17934,0.761559049849448
n-000028,1yCQJedPRM,"Tenkai",90,33,0,57,0.36666666666666664,58,148,96,1.0405405405405406,156,14177.900000000001,19900,0.7124572864321609
n-000028,DEaAUaeOVZ,"Razor's Edge",97,35,1,61,0.36082474226804123,114,184,77,1.0380434782608696,194,15937.3,20856,0.7641589950134253
n-000028,wJjcmVMTJ1,"Plator",97,35,2,60,0.36082474226804123,62,186,104,0.8924731182795699,190,16771.8,24098,0.6959830691343679
n-000028,zEbNZDjxB5,"Fool's Gambit",93,38,1,54,0.40860215053763443,48,164,85,0.8109756097560976,168,11022,17983,0.6129121948506924
n-000028,5MyWF4Q0bV,"Assassin Double",94,34,2,58,0.3617021276595745,76,164,50,0.7682926829268293,166,12193.5,19457,0.6266896232718302
n-000028,oLypCauaxT,"Dual Assassin",99,34,2,63,0.3434343434343434,76,192,54,0.6770833333333334,194,13017.900000000001,21648,0.6013442350332595
n-000028,ZNlP9Se52p,"Reeze",95,35,1,59,0.3684210526315789,20,204,105,0.6127450980392157,207,7713.8,21807,0.35373045352409777
n-000028,xHn8XJz8XB,"Rhythm Assassin",86,32,1,53,0.37209302325581395,31,150,58,0.5933333333333334,154,6963.4,15881,0.4384736477551791
n-000028,8FyWfzucqo,"Flaulist",91,35,2,54,0.38461538461538464,25,160,56,0.50625,164,5760.2,17524,0.32870349235334395
n-000028,eb0RxBDTuv,"Toxic Brillance",91,33,2,56,0.3626373626373626,39,164,32,0.4329268292682927,170,6036.4,17798,0.339161703562198
n-000028,h6HHaafNct,"Engineer",93,35,2,56,0.3763440860215054,12,162,46,0.35802469135802467,171,3836,20858,0.1839102502636878
n-000028,4rApTSmtsM,"Ming",93,32,2,59,0.34408602150537637,10,179,53,0.35195530726256985,185,3826,15386.400000000003,0.24866115530598445
n-000028,Q2Vd00dRsL,"Orlette",97,36,1,60,0.3711340206185567,12,185,42,0.2918918918918919,191,4423.2,20192,0.21905705229793976
n-000028,JZaENvn4qJ,"Casker",91,30,1,60,0.32967032967032966,2,156,31,0.21153846153846154,160,1050,15722,0.06678539626001781
n-000028,VVaQbcmdjj,"Grand Artificer",101,42,1,58,0.4158415841584158,0,185,2,0.010810810810810811,189,280,18882,0.014828937612541044
n-000028,1GujroMg7D,"Overlord",97,36,2,59,0.3711340206185567,0,170,0,0,180,0,19678,0
n-000029,Pko4SCDSlz,"Nadia",92,39,2,51,0.42391304347826086,598,139,176,5.568345323741007,152,72081.2,39876,1.8076336643595143
n-000029,hlnCxD3Epn,"Alchemist",95,41,2,52,0.43157894736842106,451,165,137,3.5636363636363635,173,55492.299999999996,28202,1.967672505496064
n-000029,FjUdcgVSGQ,"The Elements",96,45,2,49,0.46875,397,164,173,3.475609756097561,172,50481.299999999996,25566,1.9745482281154656
n-000029,Z60xDr0g4n,"Commander",90,36,3,51,0.4,361,161,114,2.950310559006211,174,43328.200000000004,25274,1.7143388462451532
n-000029,gRgjiOzm8T,"Shinobi",90,40,2,48,0.4444444444444444,314,158,114,2.7088607594936707,166,40321.5,30107,1.3392732587105989
n-000029,4d8Ed56NBs,"Hidden Hand",96,43,0,53,0.4479166666666667,269,180,212,2.672222222222222,183,51191.799999999996,26125,1.9594947368421052
n-000029,AuD3DjTn9B,"Berserker",88,33,3,52,0.375,318,161,73,2.4285714285714284,169,38757.8,36485.90000000001,1.0622678897875617
n-000029,sGtAaKmGj0,"Echo",104,42,3,59,0.40384615384615385,309,178,115,2.3820224719101124,190,39708.2,24485,1.6217357565856645
n-000029,SjFRDVdyhm,"Reaper",97,45,3,49,0.4639175257731959,225,187,152,2.016042780748663,194,31429.4,53682,0.5854737155843672
n-000029,TRneecJl6K,"Crackshot",104,46,2,56,0.4423076923076923,181,184,132,1.701086956521739,192,26981.300000000003,24007,1.1238930311992337
n-000029,xnUq11HwFg,"Bush Man",97,43,3,51,0.44329896907216493,187,192,139,1.6979166666666667,198,26642,28397,0.9381976969398176
n-000029,r3dZTAf1qa,"Archmage",107,49,3,55,0.45794392523364486,196,191,101,1.5549738219895288,199,27161.199999999997,25695,1.0570616851527534
n-000029,n0PdBZwzL1,"Propeller",90,33,3,54,0.36666666666666664,108,158,119,1.4367088607594938,166,18642.600000000002,22923,0.8132705143305851
n-000029,c44G4MrG1D,"Hunter",89,37,3,49,0.4157303370786517,158,168,76,1.3928571428571428,173,22457.9,20752,1.0822041249036238
n-000029,p2VWFdjcM3,"Corkmaster",101,48,2,51,0.4752475247524752,143,172,96,1.3895348837209303,181,19844,22798,0.8704272304588122
n-000029,mgyCFapknQ,"Pekk",95,43,3,49,0.45263157894736844,101,185,153,1.372972972972973,196,20763.3,22053,0.9415181607944497
n-000029,DEaAUaeOVZ,"Razor's Edge",96,40,2,54,0.4166666666666667,160,178,78,1.3370786516853932,187,20580.5,22746,0.9047964477270729
n-000029,o6f85pYRKj,"Cannonstriker",91,37,2,52,0.4065934065934066,111,155,91,1.303225806451613,160,16447.8,19063,0.8628127786812149
n-000029,TtQ4275KLf,"SubLazer",87,37,3,47,0.42528735632183906,134,152,59,1.269736842105263,165,19521.5,46584,0.41906019234071784
n-000029,NNGRxjPsrz,"PewPew",94,38,3,53,0.40425531914893614,78,166,132,1.2650602409638554,169,16464,19266,0.854562441606976
n-000029,qS7NVAn6gx,"Gata",87,37,3,47,0.42528735632183906,112,182,106,1.1978021978021978,191,18740.3,24451,0.766443090262157
n-000029,HSOgvo1lY3,"Sukune",97,42,2,53,0.4329896907216495,147,174,61,1.1954022988505748,178,18744.4,21723,0.8628826589329283
n-000029,SIIVFpgz7Y,"Reimu & Marisa",91,36,3,52,0.3956043956043956,106,176,102,1.1818181818181819,180,17309,21413.5,0.8083218530366357
n-000029,aclAiyngYW,"Shadow Dancer",89,36,2,51,0.4044943820224719,108,167,83,1.1437125748502994,175,18045.700000000004,21008,0.858991812642803
n-000029,dT9J5aJjzN,"Minato",102,45,3,54,0.4411764705882353,131,188,84,1.1436170212765957,197,18294.699999999997,23304,0.7850454857535186
n-000029,oLypCauaxT,"Dual Assassin",95,42,1,52,0.4421052631578947,98,169,68,0.9822485207100592,175,12638,20096,0.6288813694267515
n-000029,wJjcmVMTJ1,"Plator",92,40,2,50,0.43478260869565216,66,173,90,0.9017341040462428,175,14156.6,21422,0.660843992157595
n-000029,1yCQJedPRM,"Tenkai",89,40,3,46,0.449438202247191,46,167,98,0.8622754491017964,174,13577,21378,0.6350921508092432
n-000029,5MyWF4Q0bV,"Assassin Double",98,42,3,53,0.42857142857142855,93,193,67,0.8290155440414507,197,15522.1,22722,0.6831308863656368
n-000029,zEbNZDjxB5,"Fool's Gambit",92,39,1,52,0.42391304347826086,49,172,80,0.75,175,10899,19302,0.5646565122785203
n-000029,8FyWfzucqo,"Flaulist",85,35,2,48,0.4117647058823529,35,161,85,0.7453416149068323,169,7165.6,18032,0.3973824312333629
n-000029,ZNlP9Se52p,"Reeze",103,43,3,57,0.4174757281553398,19,199,123,0.7135678391959799,204,8681.8,21295,0.40769194646630663
n-000029,xHn8XJz8XB,"Rhythm Assassin",79,31,3,45,0.3924050632911392,31,132,40,0.5378787878787878,146,6141,14576,0.42130900109769487
n-000029,eb0RxBDTuv,"Toxic Brillance",94,39,2,53,0.4148936170212766,42,179,47,0.4972067039106145,184,7341.4,20036,0.3664104611698942
n-000029,4rApTSmtsM,"Ming",90,39,3,48,0.43333333333333335,1,177,63,0.3615819209039548,179,3540,15031.599999999995,0.23550387184331684
n-000029,JZaENvn4qJ,"Casker",87,34,2,51,0.39080459770114945,0,157,48,0.3057324840764331,159,1140,15854,0.07190614355998486
n-000029,h6HHaafNct,"Engineer",95,43,2,50,0.45263157894736844,17,162,29,0.2839506172839506,168,3341,20660,0.1617134559535334
n-000029,Q2Vd00dRsL,"Orlette",104,47,1,56,0.4519230769230769,17,190,22,0.20526315789473684,198,4434.4,20450,0.216841075794621
n-000029,VVaQbcmdjj,"Grand Artificer",89,38,3,48,0.42696629213483145,1,181,1,0.011049723756906077,184,130,18560,0.007004310344827586
n-000029,1GujroMg7D,"Overlord",90,37,3,50,0.4111111111111111,0,160,0,0,161,0,17943,0
n-000030,Pko4SCDSlz,"Nadia",31,15,0,16,0.4838709677419355,214,46,51,5.760869565217392,51,25508.200000000004,13004,1.9615656721008923
n-000030,gRgjiOzm8T,"Shinobi",28,13,0,15,0.4642857142857143,146,50,40,3.72,54,17400.899999999998,10692,1.6274691358024689
n-000030,AuD3DjTn9B,"Berserker",26,12,0,14,0.46153846153846156,143,51,41,3.607843137254902,54,16213.6,12721.999999999998,1.2744537022480744
n-000030,4d8Ed56NBs,"Hidden Hand",31,15,0,16,0.4838709677419355,98,54,60,2.925925925925926,57,17157.699999999997,8217,2.088073506145795
n-000030,hlnCxD3Epn,"Alchemist",26,13,0,13,0.5,79,43,38,2.7209302325581395,46,10861.2,6440,1.6865217391304348
n-000030,FjUdcgVSGQ,"The Elements",23,10,0,13,0.43478260869565216,84,42,26,2.619047619047619,43,11168.199999999999,6167,1.810961569644884
n-000030,Z60xDr0g4n,"Commander",27,11,0,16,0.4074074074074074,80,50,44,2.48,52,10770.3,6991,1.5405950507795736
n-000030,TRneecJl6K,"Crackshot",26,8,0,18,0.3076923076923077,53,46,29,1.7826086956521738,50,6919.799999999999,6015,1.150423940149626
n-000030,TtQ4275KLf,"SubLazer",32,15,0,17,0.46875,69,58,24,1.603448275862069,61,9745.400000000001,21513,0.4530005113187376
n-000030,SjFRDVdyhm,"Reaper",27,12,0,15,0.4444444444444444,46,53,38,1.5849056603773586,57,7481,14327,0.522160954840511
n-000030,sGtAaKmGj0,"Echo",24,8,0,16,0.3333333333333333,45,44,23,1.5454545454545454,48,6318,5735,1.1016564952048824
n-000030,r3dZTAf1qa,"Archmage",28,13,0,15,0.4642857142857143,48,50,29,1.54,52,6439.2,6366,1.0114985862393968
n-000030,xnUq11HwFg,"Bush Man",27,12,0,15,0.4444444444444444,35,41,24,1.4390243902439024,44,5727.1,5833,0.9818446768386766
n-000030,p2VWFdjcM3,"Corkmaster",28,13,0,15,0.4642857142857143,46,53,29,1.4150943396226414,57,6592.5,6865,0.9603058994901675
n-000030,mgyCFapknQ,"Pekk",21,11,0,10,0.5238095238095238,20,40,31,1.275,41,4640.3,4791,0.9685451888958464
n-000030,dT9J5aJjzN,"Minato",28,11,0,17,0.39285714285714285,44,54,23,1.2407407407407407,55,5390.4,6996,0.7704974271012006
n-000030,n0PdBZwzL1,"Propeller",26,11,0,15,0.4230769230769231,20,39,26,1.1794871794871795,40,4225.6,5354,0.7892416884572283
n-000030,HSOgvo1lY3,"Sukune",27,14,0,13,0.5185185185185185,40,59,25,1.1016949152542372,59,5740.7,6894,0.8327096025529446
n-000030,c44G4MrG1D,"Hunter",26,13,0,13,0.5,29,50,19,0.96,51,4645.2,5992,0.775233644859813
n-000030,o6f85pYRKj,"Cannonstriker",29,12,0,17,0.41379310344827586,23,42,17,0.9523809523809523,42,3746,4963,0.7547854120491638
n-000030,NNGRxjPsrz,"PewPew",22,10,0,12,0.45454545454545453,11,41,28,0.9512195121951219,41,2741,4490,0.610467706013363
n-000030,wJjcmVMTJ1,"Plator",26,11,0,15,0.4230769230769231,19,46,24,0.9347826086956522,47,3907,6111,0.6393388970708558
n-000030,qS7NVAn6gx,"Gata",26,10,0,16,0.38461538461538464,27,55,24,0.9272727272727272,58,4811.9,7207,0.6676703205217149
n-000030,SIIVFpgz7Y,"Reimu & Marisa",24,11,0,13,0.4583333333333333,18,47,24,0.8936170212765957,49,3753.4,5170,0.7259961315280464
n-000030,1yCQJedPRM,"Tenkai",28,10,0,18,0.35714285714285715,18,45,20,0.8444444444444444,49,3215,6004,0.5354763491005996
n-000030,DEaAUaeOVZ,"Razor's Edge",25,10,0,15,0.4,26,50,13,0.78,50,3691,5513,0.6695084346091057
n-000030,8FyWfzucqo,"Flaulist",26,13,0,13,0.5,4,40,26,0.75,42,1810,4596,0.3938207136640557
n-000030,zEbNZDjxB5,"Fool's Gambit",25,10,0,15,0.4,10,50,25,0.7,50,3087.6,5195,0.5943407122232917
n-000030,aclAiyngYW,"Shadow Dancer",28,14,0,14,0.5,19,43,11,0.6976744186046512,44,2939.2,4858,0.6050226430629888
n-000030,ZNlP9Se52p,"Reeze",26,10,0,16,0.38461538461538464,4,42,23,0.6428571428571429,43,1804,4412,0.40888485947416137
n-000030,eb0RxBDTuv,"Toxic Brillance",25,11,0,14,0.44,15,49,16,0.6326530612244898,49,2321.6,5386,0.431043445971036
n-000030,oLypCauaxT,"Dual Assassin",23,10,0,13,0.43478260869565216,12,37,9,0.5675675675675675,39,2319,4316,0.5373030583873958
n-000030,xHn8XJz8XB,"Rhythm Assassin",27,11,0,16,0.4074074074074074,10,53,20,0.5660377358490566,55,2562.4,5722,0.44781544914365606
n-000030,5MyWF4Q0bV,"Assassin Double",25,9,0,16,0.36,10,40,9,0.475,40,2370,4400,0.5386363636363637
n-000030,4rApTSmtsM,"Ming",23,9,0,14,0.391304347826087,2,42,14,0.38095238095238093,43,914,3878.3999999999996,0.23566419141914194
n-000030,h6HHaafNct,"Engineer",26,11,0,15,0.4230769230769231,4,51,15,0.37254901960784315,57,968,6558,0.14760597743214396
n-000030,JZaENvn4qJ,"Casker",28,12,0,16,0.42857142857142855,1,50,15,0.32,52,400,5140,0.07782101167315175
n-000030,Q2Vd00dRsL,"Orlette",25,11,0,14,0.44,6,48,8,0.2916666666666667,48,1346,5236,0.2570664629488159
n-000030,VVaQbcmdjj,"Grand Artificer",25,12,0,13,0.48,0,47,2,0.0425531914893617,48,80,4856,0.016474464579901153
n-000030,1GujroMg7D,"Overlord",25,11,0,14,0.44,0,49,0,0,53,0,5472,0
n-000040,Pko4SCDSlz,"Nadia",53,11,2,40,0.20754716981132076,308,73,70,5.178082191780822,86,35104.600000000006,20296,1.7296314544737883
n-000040,FjUdcgVSGQ,"The Elements",50,11,0,39,0.22,232,116,107,2.9224137931034484,118,30001.7,18333,1.636486117929417
n-000040,AuD3DjTn9B,"Berserker",47,9,2,36,0.19148936170212766,192,84,48,2.857142857142857,87,22638.6,20396.6,1.1099202808311188
n-000040,Z60xDr0g4n,"Commander",50,10,2,38,0.2,208,110,76,2.581818181818182,113,26389.9,16546,1.5949413755590476
n-000040,4d8Ed56NBs,"Hidden Hand",49,11,1,37,0.22448979591836735,109,95,113,2.336842105263158,96,23697.899999999998,12725,1.8623104125736738
n-000040,sGtAaKmGj0,"Echo",46,11,1,34,0.2391304347826087,149,94,65,2.276595744680851,94,19796.800000000003,12212,1.6210940058958403
n-000040,hlnCxD3Epn,"Alchemist",46,9,1,36,0.1956521739130435,105,78,54,2.0384615384615383,83,15046.6,10678,1.4091215583442593
n-000040,gRgjiOzm8T,"Shinobi",48,9,1,38,0.1875,119,93,43,1.7419354838709677,97,16031.5,15468,1.0364300491336953
n-000040,SjFRDVdyhm,"Reaper",49,11,1,37,0.22448979591836735,85,98,72,1.6020408163265305,104,12575.9,22985,0.5471350881009354
n-000040,xnUq11HwFg,"Bush Man",48,11,2,35,0.22916666666666666,65,81,48,1.3950617283950617,84,10576.9,11462,0.922779619612633
n-000040,DEaAUaeOVZ,"Razor's Edge",47,11,2,34,0.23404255319148937,106,105,30,1.2952380952380953,109,12446.9,13183,0.9441629371159826
n-000040,c44G4MrG1D,"Hunter",50,12,1,37,0.24,76,97,39,1.1855670103092784,102,10253.900000000001,11910,0.8609487825356844
n-000040,r3dZTAf1qa,"Archmage",52,12,2,38,0.23076923076923078,90,107,36,1.1775700934579438,111,11175.8,13630,0.8199413059427733
n-000040,TRneecJl6K,"Crackshot",49,10,2,37,0.20408163265306123,61,95,50,1.168421052631579,96,9608.599999999999,11356,0.8461253962662908
n-000040,HSOgvo1lY3,"Sukune",51,8,2,41,0.1568627450980392,99,109,28,1.165137614678899,112,11236.6,12872,0.8729490366687384
n-000040,n0PdBZwzL1,"Propeller",39,9,1,29,0.23076923076923078,34,64,40,1.15625,66,5618,9328,0.6022727272727273
n-000040,mgyCFapknQ,"Pekk",52,10,2,40,0.19230769230769232,46,97,65,1.1443298969072164,101,9532,11264,0.8462357954545454
n-000040,NNGRxjPsrz,"PewPew",49,9,2,38,0.1836734693877551,27,80,63,1.125,84,6567,8866,0.7406947890818859
n-000040,TtQ4275KLf,"SubLazer",47,9,1,37,0.19148936170212766,66,79,18,1.0632911392405062,90,9464.1,23685,0.3995820139328689
n-000040,o6f85pYRKj,"Cannonstriker",51,9,1,41,0.17647058823529413,56,96,44,1.0416666666666667,100,9670,12056,0.8020902455209025
n-000040,qS7NVAn6gx,"Gata",45,8,1,36,0.17777777777777778,52,84,35,1.0357142857142858,86,9600.9,11714,0.8196090148540208
n-000040,p2VWFdjcM3,"Corkmaster",53,11,2,40,0.20754716981132076,65,110,44,0.990909090909091,114,9014.899999999998,13350,0.6752734082397002
n-000040,1yCQJedPRM,"Tenkai",53,12,2,39,0.22641509433962265,35,95,45,0.8421052631578947,101,7925.4,12721,0.6230170584073579
n-000040,dT9J5aJjzN,"Minato",51,13,2,36,0.2549019607843137,37,96,35,0.75,99,6719.9,10918,0.6154881846492031
n-000040,wJjcmVMTJ1,"Plator",51,10,1,40,0.19607843137254902,31,102,44,0.7352941176470589,104,7707,12312,0.6259746588693957
n-000040,SIIVFpgz7Y,"Reimu & Marisa",51,10,2,39,0.19607843137254902,39,100,32,0.71,103,7388.4,11368,0.6499296270232231
n-000040,aclAiyngYW,"Shadow Dancer",56,13,2,41,0.23214285714285715,42,104,30,0.6923076923076923,106,7872.1,11802,0.667014065412642
n-000040,ZNlP9Se52p,"Reeze",50,9,2,39,0.18,15,102,51,0.6470588235294118,103,4235.6,10689,0.39625783515763874
n-000040,oLypCauaxT,"Dual Assassin",51,10,2,39,0.19607843137254902,35,92,24,0.6413043478260869,95,5580.6,10404,0.5363898500576701
n-000040,zEbNZDjxB5,"Fool's Gambit",49,8,1,40,0.16326530612244897,21,88,34,0.625,90,4929.4,9220,0.5346420824295011
n-000040,5MyWF4Q0bV,"Assassin Double",48,9,1,38,0.1875,29,78,15,0.5641025641025641,84,4691.6,9077,0.5168668062135067
n-000040,eb0RxBDTuv,"Toxic Brillance",52,9,2,41,0.17307692307692307,24,99,22,0.46464646464646464,101,3543.4,11215,0.31595185020062416
n-000040,xHn8XJz8XB,"Rhythm Assassin",49,9,2,38,0.1836734693877551,12,95,30,0.4421052631578947,100,3813,10056,0.3791766109785203
n-000040,4rApTSmtsM,"Ming",46,9,1,36,0.1956521739130435,5,92,29,0.3695652173913043,97,2228,7927.999999999999,0.281029263370333
n-000040,8FyWfzucqo,"Flaulist",48,10,1,37,0.20833333333333334,7,93,26,0.3548387096774194,96,2539,10137,0.25046858044786424
n-000040,Q2Vd00dRsL,"Orlette",48,10,2,36,0.20833333333333334,10,92,17,0.29347826086956524,93,2466,9756,0.25276752767527677
n-000040,h6HHaafNct,"Engineer",54,12,2,40,0.2222222222222222,11,109,19,0.27522935779816515,111,2366.4,13044,0.1814167433302668
n-000040,JZaENvn4qJ,"Casker",53,10,2,41,0.18867924528301888,1,114,20,0.18421052631578946,117,560,11630,0.04815133276010318
n-000040,VVaQbcmdjj,"Grand Artificer",45,8,2,35,0.17777777777777778,1,93,1,0.021505376344086023,99,80,9789,0.008172438451322914
n-000040,1GujroMg7D,"Overlord",51,10,2,39,0.19607843137254902,0,102,0,0,106,0,11684,0
n-000041,Pko4SCDSlz,"Nadia",15,4,0,11,0.26666666666666666,88,23,17,4.565217391304348,26,9751.9,6211,1.5701014329415552
n-000041,FjUdcgVSGQ,"The Elements",14,5,0,9,0.35714285714285715,58,24,14,3,25,7146,4252,1.680620884289746
n-000041,AuD3DjTn9B,"Berserker",12,5,0,7,0.4166666666666667,46,20,7,2.65,21,5484,5317.399999999998,1.0313311016662283
n-000041,TRneecJl6K,"Crackshot",12,2,0,10,0.16666666666666666,24,17,19,2.5294117647058822,19,3472.2,2520,1.377857142857143
n-000041,hlnCxD3Epn,"Alchemist",14,4,0,10,0.2857142857142857,47,27,21,2.5185185185185186,28,6129.5,3948,1.5525582573454915
n-000041,gRgjiOzm8T,"Shinobi",14,4,0,10,0.2857142857142857,64,33,15,2.393939393939394,35,7974.1,7027,1.1347801337697454
n-000041,p2VWFdjcM3,"Corkmaster",14,5,0,9,0.35714285714285715,26,18,12,2.111111111111111,20,2702.9,2736,0.9879020467836258
n-000041,4d8Ed56NBs,"Hidden Hand",11,3,0,8,0.2727272727272727,20,24,28,2,26,4336,3233,1.3411691927002785
n-000041,SjFRDVdyhm,"Reaper",14,5,0,9,0.35714285714285715,25,23,19,1.9130434782608696,25,4138.6,7046,0.5873687198410447
n-000041,Z60xDr0g4n,"Commander",12,4,0,8,0.3333333333333333,28,26,12,1.5384615384615385,26,4164.700000000001,3760,1.1076329787234045
n-000041,qS7NVAn6gx,"Gata",9,3,0,6,0.3333333333333333,13,21,19,1.5238095238095237,21,2549.8,3030,0.8415181518151815
n-000041,r3dZTAf1qa,"Archmage",16,5,0,11,0.3125,29,26,7,1.3846153846153846,27,3675.4,3673,1.0006534168254833
n-000041,mgyCFapknQ,"Pekk",12,3,0,9,0.25,13,28,23,1.2857142857142858,29,3060,3348,0.9139784946236559
n-000041,n0PdBZwzL1,"Propeller",13,3,0,10,0.23076923076923078,13,25,18,1.24,26,2196,3462,0.634315424610052
n-000041,c44G4MrG1D,"Hunter",14,4,0,10,0.2857142857142857,23,30,12,1.1666666666666667,32,3485.1,3612,0.9648671096345515
n-000041,DEaAUaeOVZ,"Razor's Edge",13,5,0,8,0.38461538461538464,22,33,16,1.1515151515151516,33,3696,3570,1.035294117647059
n-000041,NNGRxjPsrz,"PewPew",15,5,0,10,0.3333333333333333,12,31,23,1.1290322580645162,31,2799.6,3486,0.8030981067125645
n-000041,TtQ4275KLf,"SubLazer",15,5,0,10,0.3333333333333333,26,31,7,1.064516129032258,31,3479,9559,0.3639502039962339
n-000041,SIIVFpgz7Y,"Reimu & Marisa",15,4,0,11,0.26666666666666666,15,26,11,1,26,2410,3326,0.724594107035478
n-000041,o6f85pYRKj,"Cannonstriker",12,4,0,8,0.3333333333333333,13,20,6,0.95,22,1480,2275,0.6505494505494506
n-000041,xnUq11HwFg,"Bush Man",12,4,0,8,0.3333333333333333,19,29,8,0.9310344827586207,31,2530,3790,0.6675461741424802
n-000041,1yCQJedPRM,"Tenkai",13,3,0,10,0.23076923076923078,8,19,9,0.8947368421052632,20,1616.3,2456,0.6581026058631921
n-000041,HSOgvo1lY3,"Sukune",13,4,0,9,0.3076923076923077,14,24,7,0.875,24,1638,2632,0.6223404255319149
n-000041,sGtAaKmGj0,"Echo",12,4,0,8,0.3333333333333333,12,28,12,0.8571428571428571,29,2719,3236,0.8402348578491965
n-000041,wJjcmVMTJ1,"Plator",10,3,0,7,0.3,7,17,7,0.8235294117647058,18,1121.6999999999998,2140,0.5241588785046728
n-000041,ZNlP9Se52p,"Reeze",11,3,0,8,0.2727272727272727,6,22,12,0.8181818181818182,23,890,2500,0.356
n-000041,oLypCauaxT,"Dual Assassin",16,5,0,11,0.3125,14,26,4,0.6923076923076923,28,2052,3086,0.6649384316267012
n-000041,dT9J5aJjzN,"Minato",10,4,0,6,0.4,2,16,8,0.625,16,550,1720,0.31976744186046513
n-000041,aclAiyngYW,"Shadow Dancer",12,2,0,10,0.16666666666666666,6,22,7,0.5909090909090909,22,1399,2464,0.567775974025974
n-000041,eb0RxBDTuv,"Toxic Brillance",13,2,0,11,0.15384615384615385,3,22,10,0.5909090909090909,22,738,2412,0.30597014925373134
n-000041,zEbNZDjxB5,"Fool's Gambit",13,4,0,9,0.3076923076923077,8,26,7,0.5769230769230769,26,1208.4,2730,0.4426373626373627
n-000041,xHn8XJz8XB,"Rhythm Assassin",12,4,0,8,0.3333333333333333,2,27,10,0.4444444444444444,29,1188,2970,0.4
n-000041,8FyWfzucqo,"Flaulist",13,4,0,9,0.3076923076923077,3,29,9,0.41379310344827586,31,914.4,3355,0.272548435171386
n-000041,h6HHaafNct,"Engineer",13,3,0,10,0.23076923076923078,3,26,7,0.38461538461538464,27,307.2,3068,0.10013037809647979
n-000041,4rApTSmtsM,"Ming",13,4,0,9,0.3076923076923077,1,27,8,0.3333333333333333,29,532.4,2280.7999999999997,0.23342686776569627
n-000041,Q2Vd00dRsL,"Orlette",14,4,0,10,0.2857142857142857,2,31,7,0.2903225806451613,31,870,3368,0.2583135391923991
n-000041,5MyWF4Q0bV,"Assassin Double",13,5,0,8,0.38461538461538464,3,20,2,0.25,21,619,2194,0.2821330902461258
n-000041,JZaENvn4qJ,"Casker",12,4,0,8,0.3333333333333333,0,25,3,0.12,25,150,2500,0.06
n-000041,1GujroMg7D,"Overlord",16,5,0,11,0.3125,0,25,0,0,25,0,2720,0
n-000041,VVaQbcmdjj,"Grand Artificer",10,3,0,7,0.3,0,19,0,0,21,0,1940,0
n-000043,Pko4SCDSlz,"Nadia",50,4,0,46,0.08,259,100,56,3.15,113,31238.700000000004,22566,1.3843259771337413
n-000043,gRgjiOzm8T,"Shinobi",51,5,0,46,0.09803921568627451,174,92,61,2.5543478260869565,96,22404.100000000002,18121,1.23636112797307
n-000043,sGtAaKmGj0,"Echo",52,3,0,49,0.057692307692307696,184,121,57,1.9917355371900827,124,25033.5,16418,1.524759410403216
n-000043,AuD3DjTn9B,"Berserker",46,2,0,44,0.043478260869565216,131,86,31,1.8837209302325582,90,15966.9,16725.699999999997,0.9546326910084483
n-000043,hlnCxD3Epn,"Alchemist",52,4,0,48,0.07692307692307693,124,99,60,1.8585858585858586,102,17249.199999999997,13578,1.270378553542495
n-000043,FjUdcgVSGQ,"The Elements",51,5,0,46,0.09803921568627451,110,93,52,1.7419354838709677,96,15439.1,12414,1.2436845497019495
n-000043,r3dZTAf1qa,"Archmage",53,2,0,51,0.03773584905660377,98,106,59,1.4811320754716981,113,15529.3,13828,1.1230329765692797
n-000043,xnUq11HwFg,"Bush Man",51,5,0,46,0.09803921568627451,75,97,44,1.2268041237113403,101,11502.2,13426,0.8567108595262923
n-000043,4d8Ed56NBs,"Hidden Hand",53,4,0,49,0.07547169811320754,62,112,75,1.2232142857142858,114,18866.699999999997,13404,1.4075425246195163
n-000043,SjFRDVdyhm,"Reaper",52,5,0,47,0.09615384615384616,85,115,54,1.208695652173913,118,12998.6,27301,0.47612175378191274
n-000043,Z60xDr0g4n,"Commander",48,5,0,43,0.10416666666666667,79,96,32,1.15625,99,12832.600000000002,11460,1.1197731239092497
n-000043,mgyCFapknQ,"Pekk",48,2,0,46,0.041666666666666664,39,99,56,0.9595959595959596,100,8146.400000000001,11593,0.7026999051151558
n-000043,n0PdBZwzL1,"Propeller",44,2,0,42,0.045454545454545456,36,88,42,0.8863636363636364,91,7317,12474,0.5865800865800865
n-000043,p2VWFdjcM3,"Corkmaster",54,5,0,49,0.09259259259259259,56,107,38,0.8785046728971962,112,7959.4,12992,0.6126385467980295
n-000043,o6f85pYRKj,"Cannonstriker",52,3,0,49,0.057692307692307696,52,104,31,0.7980769230769231,106,6882.6,12014,0.5728816380888964
n-000043,TtQ4275KLf,"SubLazer",43,3,0,40,0.06976744186046512,47,88,20,0.7613636363636364,92,6837,23663,0.28893208806998266
n-000043,wJjcmVMTJ1,"Plator",54,4,0,50,0.07407407407407407,34,98,35,0.7040816326530612,102,7017.4,12067,0.5815364216458109
n-000043,HSOgvo1lY3,"Sukune",50,5,0,45,0.1,56,113,22,0.6902654867256637,116,7780.6,12701,0.6125974332729707
n-000043,qS7NVAn6gx,"Gata",54,4,0,50,0.07407407407407407,53,127,33,0.6771653543307087,131,9449.6,16227,0.5823380785111235
n-000043,TRneecJl6K,"Crackshot",51,3,0,48,0.058823529411764705,42,111,29,0.6396396396396397,113,7460,12128,0.6151055408970977
n-000043,1yCQJedPRM,"Tenkai",51,4,0,47,0.0784313725490196,28,98,30,0.5918367346938775,101,5897,12358,0.47718077358795924
n-000043,c44G4MrG1D,"Hunter",51,3,0,48,0.058823529411764705,43,116,24,0.5775862068965517,118,7311,12897,0.5668760176785299
n-000043,NNGRxjPsrz,"PewPew",51,3,0,48,0.058823529411764705,19,101,39,0.5742574257425742,103,5231.6,10724,0.48784035807534504
n-000043,aclAiyngYW,"Shadow Dancer",53,4,0,49,0.07547169811320754,40,101,17,0.5643564356435643,104,6104,11487,0.5313833028641073
n-000043,DEaAUaeOVZ,"Razor's Edge",53,4,0,49,0.07547169811320754,46,109,15,0.5596330275229358,112,6514,11596,0.561745429458434
n-000043,dT9J5aJjzN,"Minato",52,4,0,48,0.07692307692307693,36,118,28,0.5423728813559322,118,6337.5,13408,0.47266557279236276
n-000043,ZNlP9Se52p,"Reeze",49,3,0,46,0.061224489795918366,7,105,49,0.5333333333333333,108,3678,10871,0.33833134026308526
n-000043,oLypCauaxT,"Dual Assassin",51,5,0,46,0.09803921568627451,34,120,23,0.475,123,5679.4,13444,0.42244867598928887
n-000043,zEbNZDjxB5,"Fool's Gambit",52,2,0,50,0.038461538461538464,16,112,34,0.44642857142857145,117,4543.4,11832,0.3839925625422583
n-000043,5MyWF4Q0bV,"Assassin Double",48,4,0,44,0.08333333333333333,29,109,17,0.42201834862385323,111,5647,12248,0.4610548661005878
n-000043,SIIVFpgz7Y,"Reimu & Marisa",52,4,0,48,0.07692307692307693,20,100,16,0.36,104,4876,11172,0.4364482635159327
n-000043,8FyWfzucqo,"Flaulist",53,5,0,48,0.09433962264150944,6,91,21,0.2967032967032967,92,2130,9655,0.22061108234075608
n-000043,xHn8XJz8XB,"Rhythm Assassin",46,5,0,41,0.10869565217391304,12,100,17,0.29,106,3251,10878,0.2988600845743703
n-000043,Q2Vd00dRsL,"Orlette",56,5,0,51,0.08928571428571429,11,115,11,0.19130434782608696,119,2767,12623,0.21920304206606986
n-000043,4rApTSmtsM,"Ming",49,2,0,47,0.04081632653061224,4,105,16,0.19047619047619047,106,2212.4,8854.4,0.2498644741597398
n-000043,h6HHaafNct,"Engineer",52,4,0,48,0.07692307692307693,6,105,10,0.1523809523809524,110,1356,12234,0.11083864639529181
n-000043,JZaENvn4qJ,"Casker",51,1,0,50,0.0196078431372549,0,115,13,0.11304347826086956,116,550,11580,0.047495682210708115
n-000043,eb0RxBDTuv,"Toxic Brillance",48,3,0,45,0.0625,3,91,5,0.08791208791208792,92,1016,9611,0.105712204765373
n-000043,VVaQbcmdjj,"Grand Artificer",52,5,0,47,0.09615384615384616,0,115,2,0.017391304347826087,118,120,11540,0.010398613518197574
n-000043,1GujroMg7D,"Overlord",51,4,0,47,0.0784313725490196,0,115,0,0,120,0,12607,0
n-000044,Pko4SCDSlz,"Nadia",48,9,0,39,0.1875,294,86,56,4.069767441860465,92,33473.1,22332,1.4988850080601825
n-000044,AuD3DjTn9B,"Berserker",51,8,0,43,0.1568627450980392,224,97,53,2.8556701030927836,104,27094.2,23556.299999999996,1.1501891213815414
n-000044,sGtAaKmGj0,"Echo",52,7,0,45,0.1346153846153846,160,92,62,2.4130434782608696,99,20662.399999999998,12830,1.6104754481683552
n-000044,r3dZTAf1qa,"Archmage",55,7,0,48,0.12727272727272726,130,96,71,2.09375,102,18147.9,13921,1.303634796350837
n-000044,FjUdcgVSGQ,"The Elements",54,9,0,45,0.16666666666666666,180,115,55,2.0434782608695654,119,22666.9,17476,1.2970302128633555
n-000044,gRgjiOzm8T,"Shinobi",49,6,0,43,0.12244897959183673,138,94,41,1.9042553191489362,100,18299.6,16720,1.0944736842105263
n-000044,4d8Ed56NBs,"Hidden Hand",49,6,0,43,0.12244897959183673,82,99,70,1.5353535353535352,107,18674.199999999997,12707,1.4695994333831743
n-000044,Z60xDr0g4n,"Commander",50,7,0,43,0.14,94,94,46,1.4893617021276595,97,14331.3,12730,1.1257894736842105
n-000044,SjFRDVdyhm,"Reaper",44,3,0,41,0.06818181818181818,61,84,43,1.2380952380952381,85,9154.5,19331,0.47356577517976306
n-000044,hlnCxD3Epn,"Alchemist",52,7,0,45,0.1346153846153846,74,95,41,1.2105263157894737,99,10269.1,11946,0.8596266532730621
n-000044,TtQ4275KLf,"SubLazer",50,7,0,43,0.14,70,100,29,0.99,106,11034.599999999999,32322,0.3413959532207165
n-000044,mgyCFapknQ,"Pekk",49,8,0,41,0.16326530612244897,28,103,69,0.941747572815534,106,8667.400000000001,11630,0.7452622527944971
n-000044,TRneecJl6K,"Crackshot",50,6,0,44,0.12,57,101,38,0.9405940594059405,105,9060,12492,0.7252641690682037
n-000044,qS7NVAn6gx,"Gata",49,5,0,44,0.10204081632653061,51,96,39,0.9375,101,8139,13423,0.6063473143112568
n-000044,HSOgvo1lY3,"Sukune",52,6,0,46,0.11538461538461539,78,125,27,0.84,125,9953.599999999999,14040,0.7089458689458689
n-000044,xnUq11HwFg,"Bush Man",54,6,0,48,0.1111111111111111,57,131,49,0.8091603053435115,139,10386,16835,0.6169290169290169
n-000044,SIIVFpgz7Y,"Reimu & Marisa",49,7,0,42,0.14285714285714285,35,84,26,0.7261904761904762,90,6109.6,9881,0.6183179840097156
n-000044,NNGRxjPsrz,"PewPew",49,7,0,42,0.14285714285714285,23,114,57,0.7017543859649122,119,6326,12021,0.5262457366275685
n-000044,aclAiyngYW,"Shadow Dancer",51,7,0,44,0.13725490196078433,44,105,24,0.6476190476190476,107,7161.4,11994,0.5970818742704685
n-000044,1yCQJedPRM,"Tenkai",48,7,0,41,0.14583333333333334,18,99,43,0.6161616161616161,102,5269,11639,0.45270212217544464
n-000044,n0PdBZwzL1,"Propeller",52,7,0,45,0.1346153846153846,23,103,40,0.6116504854368932,104,6447.5,13192,0.4887431776834445
n-000044,o6f85pYRKj,"Cannonstriker",49,6,0,43,0.12244897959183673,38,102,24,0.6078431372549019,103,4462,11485,0.38850674793208534
n-000044,c44G4MrG1D,"Hunter",55,6,0,49,0.10909090909090909,47,117,23,0.5982905982905983,118,7742.599999999999,12902,0.6001085103084792
n-000044,p2VWFdjcM3,"Corkmaster",52,7,0,45,0.1346153846153846,43,113,24,0.5929203539823009,113,6995.4,13577,0.5152390071444354
n-000044,wJjcmVMTJ1,"Plator",50,5,0,45,0.1,23,91,26,0.5384615384615384,96,5288.3,11068,0.4778008673653777
n-000044,zEbNZDjxB5,"Fool's Gambit",45,7,0,38,0.15555555555555556,16,86,26,0.4883720930232558,91,4255.799999999999,9410,0.45226354941551533
n-000044,ZNlP9Se52p,"Reeze",48,6,0,42,0.125,9,108,43,0.48148148148148145,111,3750.8,11097,0.33800126160223487
n-000044,DEaAUaeOVZ,"Razor's Edge",55,8,0,47,0.14545454545454545,34,123,24,0.4715447154471545,126,6176.5,13219,0.46724411831454726
n-000044,oLypCauaxT,"Dual Assassin",44,5,0,39,0.11363636363636363,24,97,16,0.41237113402061853,100,5062,10314,0.49078921853790963
n-000044,dT9J5aJjzN,"Minato",49,6,0,43,0.12244897959183673,23,100,18,0.41,104,3730,11020,0.338475499092559
n-000044,5MyWF4Q0bV,"Assassin Double",46,6,0,40,0.13043478260869565,24,89,9,0.3707865168539326,89,3971.6,9850,0.40320812182741117
n-000044,xHn8XJz8XB,"Rhythm Assassin",50,7,0,43,0.14,7,79,22,0.3670886075949367,83,2261,8430,0.268208778173191
n-000044,4rApTSmtsM,"Ming",47,5,0,42,0.10638297872340426,3,92,28,0.33695652173913043,94,1722,7781.999999999997,0.22127987663839638
n-000044,8FyWfzucqo,"Flaulist",52,8,0,44,0.15384615384615385,2,127,26,0.2204724409448819,129,2592.4,13010,0.19926210607225212
n-000044,Q2Vd00dRsL,"Orlette",50,7,0,43,0.14,6,96,15,0.21875,96,2238,10372,0.21577323563440032
n-000044,JZaENvn4qJ,"Casker",46,8,0,38,0.17391304347826086,0,88,13,0.14772727272727273,92,550,8984,0.06121994657168299
n-000044,h6HHaafNct,"Engineer",48,6,0,42,0.125,5,99,8,0.13131313131313133,102,1130,11451,0.09868133787442145
n-000044,eb0RxBDTuv,"Toxic Brillance",53,6,0,47,0.11320754716981132,5,97,5,0.10309278350515463,97,819.6999999999999,9940,0.08246478873239436
n-000044,1GujroMg7D,"Overlord",48,6,0,42,0.125,0,99,0,0,102,0,10876,0
n-000044,VVaQbcmdjj,"Grand Artificer",51,4,0,47,0.0784313725490196,0,103,0,0,106,0,10400,0
n-000045,Pko4SCDSlz,"Nadia",48,6,0,42,0.125,253,96,57,3.2291666666666665,103,30291.600000000002,22134,1.3685551640010845
n-000045,gRgjiOzm8T,"Shinobi",48,4,0,44,0.08333333333333333,176,110,53,2.081818181818182,115,22836.3,19884,1.1484761617380808
n-000045,sGtAaKmGj0,"Echo",47,5,0,42,0.10638297872340426,134,87,37,1.9655172413793103,89,18548.3,11556,1.605079612322603
n-000045,AuD3DjTn9B,"Berserker",49,5,0,44,0.10204081632653061,147,94,32,1.9042553191489362,98,18922,18970.800000000007,0.9974276256141014
n-000045,r3dZTAf1qa,"Archmage",51,5,0,46,0.09803921568627451,97,94,62,1.6914893617021276,98,14505.4,12356,1.1739559728067335
n-000045,4d8Ed56NBs,"Hidden Hand",51,5,0,46,0.09803921568627451,95,109,76,1.5688073394495412,115,23165.9,14339,1.6155868610084387
n-000045,FjUdcgVSGQ,"The Elements",49,4,0,45,0.08163265306122448,103,111,60,1.4684684684684686,113,15698.5,13623,1.1523526389194745
n-000045,hlnCxD3Epn,"Alchemist",50,5,0,45,0.1,66,87,42,1.2413793103448276,92,10063.1,10486,0.9596700362387947
n-000045,qS7NVAn6gx,"Gata",47,2,0,45,0.0425531914893617,78,98,40,1.2040816326530612,102,11604.1,14356,0.8083101142379493
n-000045,SjFRDVdyhm,"Reaper",51,6,0,45,0.11764705882352941,75,117,50,1.0683760683760684,119,11857.3,27223,0.43556184109025453
n-000045,Z60xDr0g4n,"Commander",50,3,0,47,0.06,72,106,39,1.0471698113207548,111,12540.199999999999,13299,0.9429430784269494
n-000045,TRneecJl6K,"Crackshot",51,6,0,45,0.11764705882352941,49,93,33,0.8817204301075269,97,7747.8,10738,0.7215310113615199
n-000045,HSOgvo1lY3,"Sukune",54,3,0,51,0.05555555555555555,62,106,27,0.839622641509434,110,8882.5,12436,0.7142569958185911
n-000045,p2VWFdjcM3,"Corkmaster",53,6,0,47,0.11320754716981132,52,96,25,0.8020833333333334,102,7385.599999999999,11569,0.638395712680439
n-000045,xnUq11HwFg,"Bush Man",47,4,0,43,0.0851063829787234,35,87,31,0.7586206896551724,89,6826.400000000001,10823,0.6307308509655364
n-000045,n0PdBZwzL1,"Propeller",45,5,0,40,0.1111111111111111,38,89,27,0.7303370786516854,93,6930,11988,0.5780780780780781
n-000045,TtQ4275KLf,"SubLazer",47,3,0,44,0.06382978723404255,60,103,15,0.7281553398058253,104,9212,29430,0.31301393136255523
n-000045,o6f85pYRKj,"Cannonstriker",46,5,0,41,0.10869565217391304,42,91,23,0.7142857142857143,94,6224.2,10397,0.5986534577281908
n-000045,oLypCauaxT,"Dual Assassin",51,5,0,46,0.09803921568627451,32,95,31,0.6631578947368421,99,6099.1,10882,0.5604760154383386
n-000045,wJjcmVMTJ1,"Plator",45,4,0,41,0.08888888888888889,25,102,41,0.6470588235294118,105,6818,12668,0.5382065045784654
n-000045,c44G4MrG1D,"Hunter",53,5,0,48,0.09433962264150944,49,120,28,0.6416666666666667,120,7418.2,13468,0.5508019008019008
n-000045,SIIVFpgz7Y,"Reimu & Marisa",51,5,0,46,0.09803921568627451,37,114,36,0.6403508771929824,117,6866.3,12548,0.5472027414727447
n-000045,mgyCFapknQ,"Pekk",47,5,0,42,0.10638297872340426,22,90,35,0.6333333333333333,94,6389.3,9685,0.6597108931337119
n-000045,NNGRxjPsrz,"PewPew",49,3,0,46,0.061224489795918366,16,107,46,0.5794392523364486,111,5925.8,11429,0.5184880566978739
n-000045,5MyWF4Q0bV,"Assassin Double",51,6,0,45,0.11764705882352941,32,101,26,0.5742574257425742,104,4826.5,11285,0.4276916260522818
n-000045,dT9J5aJjzN,"Minato",53,4,0,49,0.07547169811320754,33,101,25,0.5742574257425742,106,5224.8,11348,0.4604159323228763
n-000045,aclAiyngYW,"Shadow Dancer",49,5,0,44,0.10204081632653061,37,104,21,0.5576923076923077,108,5747.6,11894,0.48323524466117374
n-000045,DEaAUaeOVZ,"Razor's Edge",48,4,0,44,0.08333333333333333,33,100,21,0.54,105,5641.4,10764,0.5240988480118914
n-000045,zEbNZDjxB5,"Fool's Gambit",52,3,0,49,0.057692307692307696,18,115,36,0.46956521739130436,117,4717,11924,0.39558872861455885
n-000045,1yCQJedPRM,"Tenkai",54,5,0,49,0.09259259259259259,16,105,29,0.42857142857142855,110,4329.6,13205,0.32787580461946236
n-000045,ZNlP9Se52p,"Reeze",48,4,0,44,0.08333333333333333,9,91,24,0.3626373626373626,93,3151.8,9375,0.33619200000000005
n-000045,h6HHaafNct,"Engineer",52,6,0,46,0.11538461538461539,19,101,11,0.297029702970297,102,2875.5,12884,0.22318379385284073
n-000045,8FyWfzucqo,"Flaulist",49,4,0,45,0.08163265306122448,6,107,20,0.24299065420560748,110,2475,11778,0.21013754457463066
n-000045,Q2Vd00dRsL,"Orlette",54,3,0,51,0.05555555555555555,5,103,16,0.20388349514563106,107,2670,11100,0.24054054054054055
n-000045,4rApTSmtsM,"Ming",55,4,0,51,0.07272727272727272,3,130,22,0.19230769230769232,133,2199,10904.799999999997,0.20165431736483022
n-000045,xHn8XJz8XB,"Rhythm Assassin",51,4,0,47,0.0784313725490196,9,114,11,0.17543859649122806,117,2039,11860,0.17192242833052276
n-000045,eb0RxBDTuv,"Toxic Brillance",49,2,0,47,0.04081632653061224,8,110,9,0.15454545454545454,111,1198.8,11320,0.10590106007067138
n-000045,JZaENvn4qJ,"Casker",52,3,0,49,0.057692307692307696,1,124,14,0.12096774193548387,126,745,12440,0.05988745980707395
n-000045,1GujroMg7D,"Overlord",53,2,0,51,0.03773584905660377,0,125,0,0,129,0,13722,0
n-000045,VVaQbcmdjj,"Grand Artificer",53,3,0,50,0.05660377358490566,0,109,0,0,110,0,10920,0
n-000046,Pko4SCDSlz,"Nadia",51,0,0,51,0,295,108,63,3.314814814814815,115,35871.799999999996,24395,1.4704570608731296
n-000046,FjUdcgVSGQ,"The Elements",49,0,0,49,0,135,91,57,2.10989010989011,98,18888.699999999997,13166,1.4346574510101775
n-000046,AuD3DjTn9B,"Berserker",54,0,0,54,0,167,94,29,2.0851063829787235,104,19758.5,20125.599999999995,0.981759550025838
n-000046,sGtAaKmGj0,"Echo",52,0,0,52,0,131,106,44,1.650943396226415,110,18191.1,13531,1.3444017441430787
n-000046,gRgjiOzm8T,"Shinobi",53,0,0,53,0,160,126,35,1.5476190476190477,132,20664.7,21341,0.9683098261562252
n-000046,4d8Ed56NBs,"Hidden Hand",51,0,0,51,0,84,101,68,1.504950495049505,106,19463,12532,1.5530641557612512
n-000046,Z60xDr0g4n,"Commander",55,0,0,55,0,77,119,55,1.1092436974789917,122,14017,14154,0.9903207573830719
n-000046,qS7NVAn6gx,"Gata",54,0,0,54,0,82,114,32,1,119,11332.900000000001,15903,0.7126265484499781
n-000046,r3dZTAf1qa,"Archmage",43,0,0,43,0,51,91,40,1,93,9709.8,10756,0.9027333581256972
n-000046,hlnCxD3Epn,"Alchemist",46,0,0,46,0,63,92,24,0.9456521739130435,95,9901.699999999999,11558,0.8566966603218549
n-000046,SjFRDVdyhm,"Reaper",55,0,0,55,0,68,137,54,0.8905109489051095,140,12272,29493,0.4160987352931204
n-000046,NNGRxjPsrz,"PewPew",53,0,0,53,0,40,124,57,0.782258064516129,128,8542.2,13610,0.6276414401175606
n-000046,mgyCFapknQ,"Pekk",48,0,0,48,0,25,114,58,0.7280701754385965,118,7679.9,12654,0.6069148095463884
n-000046,n0PdBZwzL1,"Propeller",50,0,0,50,0,46,124,42,0.7096774193548387,125,8709.2,16256,0.5357529527559055
n-000046,xnUq11HwFg,"Bush Man",51,0,0,51,0,39,109,36,0.6880733944954128,112,7190.1,13264,0.542076296743064
n-000046,p2VWFdjcM3,"Corkmaster",53,0,0,53,0,44,105,28,0.6857142857142857,111,7349.799999999999,12323,0.5964294408829018
n-000046,HSOgvo1lY3,"Sukune",45,0,0,45,0,39,96,23,0.6458333333333334,100,6943,11350,0.6117180616740088
n-000046,aclAiyngYW,"Shadow Dancer",53,0,0,53,0,48,124,31,0.6370967741935484,126,8672.2,14692,0.5902668118704057
n-000046,TRneecJl6K,"Crackshot",45,0,0,45,0,32,95,28,0.631578947368421,95,6246.700000000001,10762,0.5804404385801897
n-000046,oLypCauaxT,"Dual Assassin",49,0,0,49,0,45,111,24,0.6216216216216216,116,6696.2,12715,0.5266378293354306
n-000046,DEaAUaeOVZ,"Razor's Edge",51,0,0,51,0,51,124,22,0.5887096774193549,128,7163.5,13504,0.5304724526066351
n-000046,TtQ4275KLf,"SubLazer",53,0,0,53,0,51,111,13,0.5765765765765766,115,8235.099999999999,29683,0.2774348953946703
n-000046,o6f85pYRKj,"Cannonstriker",55,0,0,55,0,41,113,24,0.5752212389380531,115,6045.2,12274,0.4925207756232687
n-000046,SIIVFpgz7Y,"Reimu & Marisa",48,0,0,48,0,31,99,25,0.5656565656565656,102,5732.2,11238,0.510072966720057
n-000046,wJjcmVMTJ1,"Plator",53,0,0,53,0,21,120,34,0.4583333333333333,124,6913,14670,0.4712338104976142
n-000046,dT9J5aJjzN,"Minato",54,0,0,54,0,22,107,26,0.4485981308411215,110,4517.6,11632,0.38837689133425035
n-000046,c44G4MrG1D,"Hunter",55,0,0,55,0,38,119,15,0.44537815126050423,120,5690,13006,0.43749038905120713
n-000046,ZNlP9Se52p,"Reeze",53,0,0,53,0,7,126,48,0.4365079365079365,126,3756.8,12871,0.2918809727293917
n-000046,5MyWF4Q0bV,"Assassin Double",51,0,0,51,0,22,94,19,0.43617021276595747,99,4506.8,10324,0.43653622626888805
n-000046,zEbNZDjxB5,"Fool's Gambit",54,0,0,54,0,16,121,33,0.4049586776859504,124,5154.1,12522,0.4116035777032423
n-000046,1yCQJedPRM,"Tenkai",51,0,0,51,0,12,102,27,0.38235294117647056,107,5241,12053,0.4348295030282917
n-000046,8FyWfzucqo,"Flaulist",53,0,0,53,0,4,116,31,0.3017241379310345,116,2480,11915,0.20814099874108266
n-000046,h6HHaafNct,"Engineer",56,0,0,56,0,19,106,11,0.2830188679245283,109,2657.6,12741,0.20858645318263871
n-000046,4rApTSmtsM,"Ming",53,0,0,53,0,3,147,38,0.2789115646258503,149,2832,12373.599999999997,0.22887437770737706
n-000046,xHn8XJz8XB,"Rhythm Assassin",48,0,0,48,0,11,97,14,0.25773195876288657,104,2481,10462,0.2371439495316383
n-000046,Q2Vd00dRsL,"Orlette",51,0,0,51,0,7,115,16,0.2,121,2753,12568,0.21904837683004455
n-000046,eb0RxBDTuv,"Toxic Brillance",53,0,0,53,0,9,114,10,0.16666666666666666,117,1236.1999999999998,11890,0.10396972245584524
n-000046,JZaENvn4qJ,"Casker",57,0,0,57,0,1,111,11,0.10810810810810811,113,585,11314,0.05170585115785752
n-000046,1GujroMg7D,"Overlord",52,0,0,52,0,0,108,0,0,113,0,12216,0
n-000046,VVaQbcmdjj,"Grand Artificer",50,0,0,50,0,0,109,0,0,110,0,11025,0
n-000047,Pko4SCDSlz,"Nadia",56,3,0,53,0.05357142857142857,346,110,79,3.8636363636363638,118,42403.4,28239,1.50158999964588
n-000047,gRgjiOzm8T,"Shinobi",49,2,0,47,0.04081632653061224,157,113,45,1.7876106194690264,116,20572.1,19195,1.071742641312842
n-000047,AuD3DjTn9B,"Berserker",55,3,0,52,0.05454545454545454,156,116,38,1.6724137931034482,122,20919.599999999995,22964.199999999993,0.9109657641023855
n-000047,sGtAaKmGj0,"Echo",55,2,0,53,0.03636363636363636,148,113,35,1.6194690265486726,119,19947.6,14283,1.3965973534971643
n-000047,FjUdcgVSGQ,"The Elements",54,2,0,52,0.037037037037037035,117,117,50,1.4273504273504274,121,16412.999999999996,14924,1.0997721790404715
n-000047,Z60xDr0g4n,"Commander",50,2,0,48,0.04,90,107,42,1.233644859813084,110,14166,13120,1.0797256097560977
n-000047,4d8Ed56NBs,"Hidden Hand",53,3,0,50,0.05660377358490566,86,118,46,1.11864406779661,126,20033.600000000002,15518,1.2909911071014308
n-000047,qS7NVAn6gx,"Gata",53,2,0,51,0.03773584905660377,100,128,42,1.109375,131,13536.500000000002,18072,0.7490316511730856
n-000047,mgyCFapknQ,"Pekk",50,1,0,49,0.02,35,121,68,0.8512396694214877,122,8497.6,13225,0.6425406427221172
n-000047,hlnCxD3Epn,"Alchemist",54,1,0,53,0.018518518518518517,64,113,24,0.7787610619469026,115,9660.900000000001,13896,0.6952288428324699
n-000047,n0PdBZwzL1,"Propeller",53,2,0,51,0.03773584905660377,37,111,41,0.7027027027027027,114,9334,14846,0.6287215411558669
n-000047,o6f85pYRKj,"Cannonstriker",47,1,0,46,0.02127659574468085,46,118,35,0.6864406779661016,120,7493.099999999999,12942,0.5789754288363468
n-000047,xnUq11HwFg,"Bush Man",49,2,0,47,0.04081632653061224,43,112,31,0.6607142857142857,114,9215.6,14252,0.646618018523716
n-000047,aclAiyngYW,"Shadow Dancer",48,2,0,46,0.041666666666666664,35,96,25,0.625,99,5897.599999999999,10528,0.5601823708206687
n-000047,NNGRxjPsrz,"PewPew",54,3,0,51,0.05555555555555555,19,104,46,0.625,107,5861,11080,0.528971119133574
n-000047,SjFRDVdyhm,"Reaper",54,2,0,52,0.037037037037037035,28,116,42,0.603448275862069,118,7413,22102,0.3353995113564383
n-000047,HSOgvo1lY3,"Sukune",51,3,0,48,0.058823529411764705,45,107,16,0.5700934579439252,114,7553.599999999999,11626,0.6497161534491657
n-000047,dT9J5aJjzN,"Minato",51,2,0,49,0.0392156862745098,31,109,31,0.5688073394495413,112,5175.8,12386,0.4178750201840788
n-000047,TtQ4275KLf,"SubLazer",51,3,0,48,0.058823529411764705,41,106,18,0.5566037735849056,110,7505.6,28750,0.26106434782608695
n-000047,p2VWFdjcM3,"Corkmaster",50,2,0,48,0.04,33,109,26,0.5412844036697247,114,5532.6,12088,0.4576935804103243
n-000047,ZNlP9Se52p,"Reeze",50,3,0,47,0.06,8,113,50,0.5132743362831859,116,3608,11726,0.3076923076923077
n-000047,TRneecJl6K,"Crackshot",49,2,0,47,0.04081632653061224,30,105,23,0.5047619047619047,110,5999.2,11636,0.5155723616363012
n-000047,r3dZTAf1qa,"Archmage",53,2,0,51,0.03773584905660377,34,120,26,0.5,123,7052,13320,0.5294294294294294
n-000047,5MyWF4Q0bV,"Assassin Double",53,3,0,50,0.05660377358490566,35,114,22,0.5,116,4935.6,12722,0.38795786825970763
n-000047,c44G4MrG1D,"Hunter",54,3,0,51,0.05555555555555555,42,132,22,0.48484848484848486,137,6918.1,14398,0.48049034588137246
n-000047,SIIVFpgz7Y,"Reimu & Marisa",54,3,0,51,0.05555555555555555,32,117,18,0.42735042735042733,118,5541.6,13052,0.4245786086423537
n-000047,wJjcmVMTJ1,"Plator",56,3,0,53,0.05357142857142857,28,120,22,0.4166666666666667,123,7015,14566,0.4816009886035974
n-000047,zEbNZDjxB5,"Fool's Gambit",50,1,0,49,0.02,17,98,23,0.40816326530612246,101,4082.8,10252,0.39824424502536093
n-000047,1yCQJedPRM,"Tenkai",54,3,0,51,0.05555555555555555,17,100,20,0.37,102,3566,11488,0.3104108635097493
n-000047,DEaAUaeOVZ,"Razor's Edge",55,3,0,52,0.05454545454545454,33,127,11,0.3464566929133858,129,6112.1,13490,0.4530837657524092
n-000047,oLypCauaxT,"Dual Assassin",48,2,0,46,0.041666666666666664,20,114,17,0.32456140350877194,114,4639.2,12040,0.38531561461794017
n-000047,xHn8XJz8XB,"Rhythm Assassin",53,3,0,50,0.05660377358490566,10,112,16,0.23214285714285715,116,3471.2,11965,0.2901128290848307
n-000047,Q2Vd00dRsL,"Orlette",50,3,0,47,0.06,9,115,14,0.2,116,2620,12391,0.21144378984746995
n-000047,4rApTSmtsM,"Ming",52,1,0,51,0.019230769230769232,4,115,18,0.19130434782608696,119,2110,9678.400000000001,0.21801124152752518
n-000047,h6HHaafNct,"Engineer",47,2,0,45,0.0425531914893617,6,102,12,0.17647058823529413,104,1611,12787,0.12598733088292796
n-000047,8FyWfzucqo,"Flaulist",46,1,0,45,0.021739130434782608,4,122,17,0.1721311475409836,125,2450,12573,0.19486200588562794
n-000047,JZaENvn4qJ,"Casker",53,2,0,51,0.03773584905660377,2,134,20,0.16417910447761194,137,846,13920,0.060775862068965514
n-000047,eb0RxBDTuv,"Toxic Brillance",52,3,0,49,0.057692307692307696,7,107,3,0.09345794392523364,110,976.4,11094,0.08801153776816296
n-000047,VVaQbcmdjj,"Grand Artificer",54,2,0,52,0.037037037037037035,0,129,1,0.007751937984496124,130,80,13070,0.00612088752869166
n-000047,1GujroMg7D,"Overlord",48,1,0,47,0.020833333333333332,0,112,0,0,112,0,12968,0
n-000048,Pko4SCDSlz,"Nadia",48,4,0,44,0.08333333333333333,300,109,69,3.385321100917431,113,37032.6,26007,1.4239473987772522
n-000048,AuD3DjTn9B,"Berserker",43,3,0,40,0.06976744186046512,140,92,36,1.9130434782608696,99,17078.1,19148.500000000007,0.8918766483014331
n-000048,sGtAaKmGj0,"Echo",47,3,0,44,0.06382978723404255,143,103,49,1.8640776699029127,107,18607,13316,1.3973415440072094
n-000048,FjUdcgVSGQ,"The Elements",52,3,0,49,0.057692307692307696,114,100,43,1.57,107,15129.9,13368,1.1317998204667863
n-000048,Z60xDr0g4n,"Commander",48,4,0,44,0.08333333333333333,106,93,39,1.5591397849462365,98,14864.8,12736,1.1671482412060301
n-000048,gRgjiOzm8T,"Shinobi",42,1,0,41,0.023809523809523808,101,89,28,1.449438202247191,95,14070.599999999999,14132,0.9956552504953297
n-000048,4d8Ed56NBs,"Hidden Hand",42,3,0,39,0.07142857142857142,57,93,54,1.1935483870967742,95,14038,11900,1.1796638655462184
n-000048,xnUq11HwFg,"Bush Man",49,4,0,45,0.08163265306122448,61,107,63,1.158878504672897,111,10287.4,14538,0.7076214059705599
n-000048,hlnCxD3Epn,"Alchemist",46,3,0,43,0.06521739130434782,61,91,37,1.0769230769230769,95,9818.4,11001,0.8925006817562039
n-000048,TRneecJl6K,"Crackshot",42,2,0,40,0.047619047619047616,53,92,44,1.0543478260869565,95,8396.9,11098,0.7566138042890611
n-000048,qS7NVAn6gx,"Gata",51,3,0,48,0.058823529411764705,69,111,38,0.963963963963964,115,9759.4,14833,0.6579518640868334
n-000048,n0PdBZwzL1,"Propeller",45,3,0,42,0.06666666666666667,46,94,41,0.925531914893617,96,8984.5,13300,0.6755263157894736
n-000048,p2VWFdjcM3,"Corkmaster",44,1,0,43,0.022727272727272728,52,89,27,0.8876404494382022,91,6793,11310,0.6006189213085765
n-000048,NNGRxjPsrz,"PewPew",47,2,0,45,0.0425531914893617,27,103,57,0.8155339805825242,104,6412.2,11260,0.5694671403197158
n-000048,SjFRDVdyhm,"Reaper",45,3,0,42,0.06666666666666667,46,88,23,0.7840909090909091,92,7426.2,19087,0.389071095510033
n-000048,SIIVFpgz7Y,"Reimu & Marisa",46,2,0,44,0.043478260869565216,47,100,31,0.78,101,7573.6,12009,0.6306603380797735
n-000048,o6f85pYRKj,"Cannonstriker",48,3,0,45,0.0625,45,97,28,0.7525773195876289,99,6519.2,10926,0.5966684971627311
n-000048,mgyCFapknQ,"Pekk",46,2,0,44,0.043478260869565216,23,107,56,0.7383177570093458,111,6885.8,11652,0.5909543426021284
n-000048,HSOgvo1lY3,"Sukune",48,3,0,45,0.0625,56,115,25,0.7043478260869566,117,8551.400000000001,12376,0.690966386554622
n-000048,r3dZTAf1qa,"Archmage",47,3,0,44,0.06382978723404255,40,96,24,0.6666666666666666,100,6391.4,11102,0.5756980724193839
n-000048,c44G4MrG1D,"Hunter",44,1,0,43,0.022727272727272728,34,82,11,0.5487804878048781,84,4841,9094,0.5323290081372334
n-000048,TtQ4275KLf,"SubLazer",48,4,0,44,0.08333333333333333,49,109,10,0.5412844036697247,113,6897.7,28055,0.24586348244519693
n-000048,dT9J5aJjzN,"Minato",50,3,0,47,0.06,32,111,26,0.5225225225225225,113,5059,12472,0.40562860808210394
n-000048,1yCQJedPRM,"Tenkai",49,3,0,46,0.061224489795918366,25,105,27,0.49523809523809526,109,5937.6,13345,0.4449306856500562
n-000048,zEbNZDjxB5,"Fool's Gambit",51,3,0,48,0.058823529411764705,21,110,32,0.4818181818181818,112,4222,11563,0.3651301565337715
n-000048,aclAiyngYW,"Shadow Dancer",46,3,0,43,0.06521739130434782,30,102,16,0.45098039215686275,103,5178,10957,0.47257460983845945
n-000048,5MyWF4Q0bV,"Assassin Double",51,3,0,48,0.058823529411764705,30,109,17,0.43119266055045874,114,5282.6,12162,0.43435290248314423
n-000048,ZNlP9Se52p,"Reeze",51,3,0,48,0.058823529411764705,5,115,42,0.40869565217391307,117,3014,11628,0.25920192638458894
n-000048,DEaAUaeOVZ,"Razor's Edge",46,3,0,43,0.06521739130434782,19,88,15,0.38636363636363635,90,3309,9092,0.3639463264408271
n-000048,oLypCauaxT,"Dual Assassin",48,3,0,45,0.0625,26,110,16,0.38181818181818183,112,5192,12018,0.43201863870860374
n-000048,wJjcmVMTJ1,"Plator",45,2,0,43,0.044444444444444446,13,98,22,0.35714285714285715,103,5191,11961,0.43399381322631886
n-000048,xHn8XJz8XB,"Rhythm Assassin",48,3,0,45,0.0625,13,103,23,0.34951456310679613,110,2933,11432,0.25656053184044786
n-000048,8FyWfzucqo,"Flaulist",51,4,0,47,0.0784313725490196,8,113,31,0.34513274336283184,114,2718.4,11930,0.22786253143336127
n-000048,eb0RxBDTuv,"Toxic Brillance",43,4,0,39,0.09302325581395349,16,92,10,0.2826086956521739,96,2275.8,9856,0.2309050324675325
n-000048,4rApTSmtsM,"Ming",54,3,0,51,0.05555555555555555,2,115,23,0.21739130434782608,118,2020,9817.599999999999,0.20575293350717083
n-000048,Q2Vd00dRsL,"Orlette",52,3,0,49,0.057692307692307696,8,114,14,0.19298245614035087,117,2616,12268,0.21323769155526573
n-000048,h6HHaafNct,"Engineer",50,3,0,47,0.06,10,93,7,0.1827956989247312,97,1316,10652,0.12354487420202778
n-000048,JZaENvn4qJ,"Casker",52,2,0,50,0.038461538461538464,0,114,13,0.11403508771929824,116,780,11490,0.06788511749347259
n-000048,VVaQbcmdjj,"Grand Artificer",49,3,0,46,0.061224489795918366,0,121,0,0,122,0,12120,0
n-000048,1GujroMg7D,"Overlord",42,3,0,39,0.07142857142857142,0,93,0,0,96,20,9868,0.002026753141467369